<?xml version="1.0" encoding="UTF-8"?>
<project-private xmlns="http://www.netbeans.org/ns/project-private/1">
    <editor-bookmarks xmlns="http://www.netbeans.org/ns/editor-bookmarks/2" lastBookmarkId="0"/>
    <open-files xmlns="http://www.netbeans.org/ns/projectui-open-files/2">
        <group>
            <file>file:/E:/C%23%20APi/1_PRN231%20(1)/demo_Employees/src/View/ViewCourse.java</file>
        </group>
        <group name="EXE201">
            <file>file:/E:/C%23%20APi/1_PRN231%20(1)/demo_Employees/src/View/InputData.java</file>
            <file>file:/E:/C%23%20APi/1_PRN231%20(1)/demo_Employees/src/Common/Constant.java</file>
            <file>file:/E:/C%23%20APi/1_PRN231%20(1)/demo_Employees/src/View/ViewCourse.java</file>
            <file>file:/E:/C%23%20APi/1_PRN231%20(1)/demo_Employees/src/demo_CourseManager/App_Course_Manager.java</file>
            <file>file:/E:/C%23%20APi/1_PRN231%20(1)/demo_Employees/src/Model/Course.java</file>
            <file>file:/E:/C%23%20APi/1_PRN231%20(1)/demo_Employees/src/Control/CourseController.java</file>
            <file>file:/E:/C%23%20APi/1_PRN231%20(1)/demo_Employees/src/Control/CourseManager.java</file>
        </group>
    </open-files>
</project-private>
